Player_ID,Player_Name,Team_Abbr,Note,Date_Fetched
daniedy01,Dyson Daniels,ATL,Day To Day (Toe) - Daniels did not play on Saturday's (Mar. 28) game against Sacramento.,2026-03-30
kuminjo01,Jonathan Kuminga,ATL,Day To Day (Knee) - Kuminga did not play on Saturday's (Mar. 28) game against Sacramento.,2026-03-30
okongon01,Onyeka Okongwu,ATL,Day To Day (Finger) - Okongwu did not play on Saturday's (Mar. 28) game against Sacramento.,2026-03-30
brownja02,Jaylen Brown,BOS,Day To Day (Calf) - Brown did not play in Sunday's (Mar. 29) game against Charlotte.,2026-03-30
vucevni01,Nikola Vučević,BOS,Out (Finger) - Vucevic underwent surgery Saturday (Mar. 7) to stabilize a fracture in his right ring finger and will be re-evaluated in 3-to-4 weeks.,2026-03-30
whitede01,Derrick White,BOS,Day To Day (Knee) - White did not play in Sunday's (Mar. 29) game against Charlotte.,2026-03-30
demineg01,Egor Dёmin,BRK,Out For Season (Foot) - The Nets reported Egor Demin will miss rest of season with plantar fasciitis.,2026-03-30
minotjo01,Josh Minott,BRK,Day To Day (Hip) - Minott did not play in Sunday's (Mar. 29) game against the Kings.,2026-03-30
portemi01,Michael Porter Jr.,BRK,Out (Hamstring) - The Nets said on Thursday (Mar. 19) that Porter Jr. will miss at least 2-3 weeks.,2026-03-30
sharpda01,Day'Ron Sharpe,BRK,Out For Season (Thumb) - The Nets said on Thursday (Mar. 12) that Sharpe will undergo season-ending thumb surgery.,2026-03-30
wilsoja03,Jalen Wilson,BRK,Day To Day (Illness) - Wilson did not play in Sunday's (Mar. 29) game against the Kings.,2026-03-30
wolfda01,Danny Wolf,BRK,Day To Day (Ankle) - Wolf did not play in Sunday's (Mar. 29) game against the Kings.,2026-03-30
salauti01,Tidjane Salaün,CHO,Day To Day (Calf) - Salaun did not play in (Mar. 29) game for Sunday's against Boston.,2026-03-30
willigr01,Grant Williams,CHO,Day To Day (Knee) - Williams did not play in (Mar. 29) game for Sunday's against Boston.,2026-03-30
colliza01,Zach Collins,CHI,Out For Season (Toe) - The Bulls said on Saturday (Feb. 21) that Collins will undergo surgery for a sprain right toe and will be sidelined for the rest of the 2025-26 season.,2026-03-30
essenno01,Noa Essengue,CHI,"Out For Season (Shoulder) - The Bulls reported on Wednesday (Dec. 3) that Essengue will have shoulder surgery and miss the remainder of the season, per HC Billy Donovan.",2026-03-30
iveyja01,Jaden Ivey,CHI,"Out For Season (Knee) - Ivey will miss the remainder of the 2025-26 season, according to Joel Lorenzi of The Athletic.",2026-03-30
richani01,Nick Richards,CHI,Day To Day (Elbow) - The Bulls listed Richards as Questionable for Monday's (Mar. 30) game against the Spurs.,2026-03-30
simonan01,Anfernee Simons,CHI,Out (Wrist) - The Bulls listed Simons as OUT for Monday's (Mar. 30) game against the Spurs.,2026-03-30
smithja04,Jalen Smith,CHI,"Out For Season (Calf) - Smith will miss the remainder of the season, according to Joel Lorenzi of The Athletic.",2026-03-30
yabusgu01,Guerschon Yabusele,CHI,Day To Day (Ankle) - The Bulls listed Yabusele as Questionable for Monday's (Mar. 30) game against the Spurs.,2026-03-30
allenja01,Jarrett Allen,CLE,Out (Knee) - The Cavaliers listed Allen as OUT for Monday's (Mar. 30) game against Utah.,2026-03-30
portecr01,Craig Porter Jr.,CLE,Day To Day (Groin) - The Cavaliers listed Porter Jr. as Probable for Monday's (Mar. 30) game against Utah.,2026-03-30
strusma01,Max Strus,CLE,Out (Foot) - The Cavaliers listed Strus as OUT for Monday's (Mar. 30) game against Utah.,2026-03-30
tysonja01,Jaylon Tyson,CLE,"Out (Toe) - The Cavaliers reported Tyson is out for at least three games due to an ankle injury, and won't be available for the Cavaliers' three-game road.",2026-03-30
wadede01,Dean Wade,CLE,"Out (Ankle) - The Cavaliers reported Wade is out for at least three games due to an ankle injury, and won't be available for the Cavaliers' three-game road.",2026-03-30
baglema01,Marvin Bagley III,DAL,Day To Day (Shoulder) - The Mavericks listed Bagley III as Questionable for Monday's (Mar. 30) game against Minnesota.,2026-03-30
gaffoda01,Daniel Gafford,DAL,Day To Day (Shoulder) - The Mavericks listed Gafford as Probable for Monday's (Mar. 30) game against Minnesota.,2026-03-30
irvinky01,Kyrie Irving,DAL,"Out For Season (Knee) - The Mavericks said on Wednesday (Feb. 18) that Irving is OUT for the season, per ESPN's Shams Charania.",2026-03-30
livelde01,Dereck Lively II,DAL,Out For Season (Foot) - The Mavericks announced on Sunday (Dec. 21) that Lively II has successfully underwent foot surgery.,2026-03-30
marshna01,Naji Marshall,DAL,Day To Day (Illness) - The Mavericks listed Marshall as Probable for Monday's (Mar. 30) game against Minnesota.,2026-03-30
martica02,Caleb Martin,DAL,Day To Day (Foot) - The Mavericks listed Martin as Doubtful for Monday's (Mar. 30) game against Minnesota.,2026-03-30
gordoaa01,Aaron Gordon,DEN,Out (Calf) - The Nuggets listed Gordon as OUT for Sunday's (Mar. 29) game against the Warriors.,2026-03-30
cunnica01,Cade Cunningham,DET,Out (Lung) - The Pistons said on Thursday (Mar. 19) that Cunningham will officially be re-evaluated in 2 weeks.,2026-03-30
durenja01,Jalen Duren,DET,Day To Day (Knee) - The Pistons listed Duren as Doubtful for Monday's (Mar. 30) game against the Thunder.,2026-03-30
harrito02,Tobias Harris,DET,Day To Day (Hip) - The Pistons listed Harris as Doubtful for Monday's (Mar. 30) game against the Thunder.,2026-03-30
robindu01,Duncan Robinson,DET,Day To Day (Hip) - The Pistons listed Robinson as Doubtful for Monday's (Mar. 30) game against the Thunder.,2026-03-30
stewais01,Isaiah Stewart,DET,Out (Calf) - The Pistons said on Tuesday (Mar. 17) that Stewart will miss at least 1 week.,2026-03-30
thompau01,Ausar Thompson,DET,Day To Day (Ankle) - The Pistons listed Thompson as Questionable for Monday's (Mar. 30) game against the Thunder.,2026-03-30
butleji01,Jimmy Butler,GSW,"Out For Season (Knee) - Butler's injury from Monday (Jan. 19) Night's game involves a torn right ACL and he will be out for the rest of the season, as per Shams Charania of ESPN.",2026-03-30
curryst01,Stephen Curry,GSW,"Out (Knee) - Curry will be re-evaluated next week and will miss at least the next two games, according to Shams Charania of ESPN.",2026-03-30
horfoal01,Al Horford,GSW,Out (Calf) - The Warriors listed Horford as OUT for Sunday's (Mar. 29) game against,2026-03-30
moodymo01,Moses Moody,GSW,"Out For Season (Knee) - The Warriors reported guard Moses Moody has been diagnosed with a torn patellar tendon in his left knee, and is out for the season.",2026-03-30
richawi02,Will Richard,GSW,Out (Heel) - The Warriors listed Richard as OUT for Sunday's (Mar. 29) game against,2026-03-30
adamsst01,Steven Adams,HOU,Out For Season (Ankle) - The Rockets said on Wednesday (Jan. 28) that Adams underwent season-ending ankle surgery.,2026-03-30
vanvlfr01,Fred VanVleet,HOU,"Out For Season (ACL) - The Rockets said on Monday (Sept. 22) that VanVleet suffered a torn ACL and may be out for the entire 2025-26 campaign, per Shams Charania of ESPN.",2026-03-30
furphjo01,Johnny Furphy,IND,"Out For Season (Knee) - Furphy was diagnosed with a torn right ACL on Monday and will miss the remainder of the season, Michael Scotto of USA Today",2026-03-30
halibty01,Tyrese Haliburton,IND,Out For Season (Achilles) - The Pacers said on Tuesday (Jan. 27) that Haliburton will likely be in line for a relatively normal offseason and should be free of restrictions for the start of training camp next fall.,2026-03-30
nesmiaa01,Aaron Nesmith,IND,Day To Day (Back) - Nesmith did not play in Sunday's (Mar. 29) game against Miami.,2026-03-30
walkeja02,Jarace Walker,IND,Day To Day (Concussion) - Walker did not play in Sunday's (Mar. 29) game against Miami.,2026-03-30
zubaciv01,Ivica Zubac,IND,Out For Season (Rib) - The Pacers said on Friday (Mar. 20) that Zubac will miss the rest of the season with a fractured rib.,2026-03-30
bealbr01,Bradley Beal,LAC,"Out For Season (Hip) - Beal will undergo season-ending surgery on his left hip, as per ESPN's Shams Charania reports.",2026-03-30
jacksis01,Isaiah Jackson,LAC,Day To Day (Ankle) - Jackson did not play in Sunday's (Mar. 29) game against the Bucks.,2026-03-30
konanya01,Yanic Konan Niederhäuser,LAC,"Out For Season (Foot) - Niederhauser has been diagnosed with a Lisfranc injury in his right foot and will require surgery. He's been ruled out for the remainder of the 2025-26 season, according to Joey Linn of SI.com.",2026-03-30
smartma01,Marcus Smart,LAL,Out (Ankle) - The Lakers listed Smart as OUT for Monday's (Mar. 30) game against Washington.,2026-03-30
thierad01,Adou Thiero,LAL,Out (Knee) - The Lakers listed Thiero as OUT for Monday's (Mar. 30) game against Washington.,2026-03-30
aldamsa01,Santi Aldama,MEM,"Out For Season (Knee) - The Grizzlies said on Sunday (Mar. 15) that Aldama will undergo a season-ending arthroscopic procedure and receive an orthobiologic injection to address discomfort in his right knee, according to Brett Siegel of ClutchPoints.com.",2026-03-30
caldwke01,Kentavious Caldwell-Pope,MEM,Out For Season (Finger) - The Grizzlies announced Thursday that Caldwell-Pope underwent surgery to address the misalignment of his right pinky finger and will miss the remainder of the 2025-26 campaign.,2026-03-30
clarkbr01,Brandon Clarke,MEM,Out For Season (Calf) - The Grizzlies announced that Clarke needs additional time to recover from a right calf strain and has been ruled out for the rest of the 2025-26 season.,2026-03-30
claytwa01,Walter Clayton,MEM,Day To Day (Ankle) - The Grizzlies listed Clayton Jr. as Questionable for Monday's (Mar. 30) game against Phoenix.,2026-03-30
edeyza01,Zach Edey,MEM,Out For Season (Ankle) - The Grizzlies said that Edey will miss the remainder of the season.,2026-03-30
gibsota01,Taj Gibson,MEM,Day To Day (Foot) - The Grizzlies listed Gibson as Doubtful for Monday's (Mar. 30) game against Phoenix.,2026-03-30
hendrta01,Taylor Hendricks,MEM,Day To Day (Thumb) - Hendricks did not play on Saturday's (Mar. 28) game against the Bulls.,2026-03-30
jarrede01,DeJon Jarreau,MEM,Day To Day (Elbow) - The Grizzlies listed Jarreau as Questionable for Monday's (Mar. 30) game against Phoenix.,2026-03-30
jeromty01,Ty Jerome,MEM,Out (Ankle) - The Grizzlies listed Jerome as OUT for Monday's (Mar. 30) game against Phoenix.,2026-03-30
moranja01,Ja Morant,MEM,Out For Season (Elbow) - The Grizzlies announced Tuesday (Mar. 24) that Morant will miss the remainder of the season.,2026-03-30
pippesc02,Scotty Pippen Jr.,MEM,"Out For Season (Toe) - The Grizzlies said on Friday (Mar. 13) that Pippen Jr. will miss the remainder of the 2025-26 season after undergoing a sesamoidectomy to address ongoing discomfort in his right big toe, per Michael Scotto of USA Today.",2026-03-30
prospol01,Olivier-Maxence Prosper,MEM,Day To Day (Finger) - The Grizzlies listed Prosper as Doubtful for Monday's (Mar. 30) game against Phoenix.,2026-03-30
smallja01,Javon Small,MEM,Day To Day (Back) - The Grizzlies listed Small as Doubtful for Monday's (Mar. 30) game against Phoenix.,2026-03-30
wellsja01,Jaylen Wells,MEM,Out (Toe) - The Grizzlies listed Wells as OUT for Monday's (Mar. 30) game against Phoenix.,2026-03-30
powelno01,Norman Powell,MIA,Day To Day (Back) - Powell did not play in Sunday's (Mar. 29) game against Indiana.,2026-03-30
antetgi01,Giannis Antetokounmpo,MIL,Out (Ankle) - Antetokounmpo has been diagnosed with a left knee hyperextension and bone bruise and will be re-evaluated in one week.,2026-03-30
antetth01,Thanasis Antetokounmpo,MIL,Day To Day (Calf) - Antetokounmpo did not play in Sunday's (Mar. 29) game against the Clippers.,2026-03-30
harriga01,Gary Harris,MIL,Day To Day (Groin) - Harris did not play in Sunday's (Mar. 29) game against the Clippers.,2026-03-30
kuzmaky01,Kyle Kuzma,MIL,Day To Day (Achilles) - Kuzma did not play in Sunday's (Mar. 29) game against the Clippers.,2026-03-30
porteke02,Kevin Porter Jr.,MIL,Day To Day (Knee) - Porter Jr. did not play in Sunday's (Mar. 29) game against the Clippers.,2026-03-30
portibo01,Bobby Portis,MIL,Day To Day (Wrist) - Portis did not play in Sunday's (Mar. 29) game against the Clippers.,2026-03-30
rolliry01,Ryan Rollins,MIL,Day To Day (Hip) - Turner did not play in Sunday's (Mar. 29) game against the Clippers.,2026-03-30
turnemy01,Myles Turner,MIL,Day To Day (Patella) - Turner did not play in Sunday's (Mar. 29) game against the Clippers.,2026-03-30
dosunay01,Ayo Dosunmu,MIN,Day To Day (Calf) - The Timberwolves listed Dosunmu as Questionable for Monday's (Mar. 30) game against Dallas.,2026-03-30
edwaran01,Anthony Edwards,MIN,Day To Day (Knee) - The Timberwolves listed Edwards as Questionable for Monday's (Mar. 30) game against Dallas.,2026-03-30
mcdanja02,Jaden McDaniels,MIN,Out (Knee) - The Timberwolves listed McDaniels as OUT for Monday's (Mar. 30) game against Dallas.,2026-03-30
mcgowbr01,Bryce McGowens,NOP,Day To Day (Toe) - McGowens did not play in Monday's (Mar. 29) game against Houston.,2026-03-30
murphtr02,Trey Murphy III,NOP,Day To Day (Ankle) - Murphy III did not play in Sunday's (Mar. 29) game against Houston.,2026-03-30
shamela01,Landry Shamet,NYK,Day To Day (Knee) - Shamet did not play in Sunday's (Mar. 29) game against Oklahoma City.,2026-03-30
sorbeth01,Thomas Sorber,OKC,Out For Season (Knee) - The Thunder announced on Friday (Sept. 5) that Sorber will miss the 2025-2026 season with a torn ACL.,2026-03-30
blackan01,Anthony Black,ORL,Out (Abdomen) - The Magic said on Wednesday (Mar. 18) that Black was not given a proper timetable to return.,2026-03-30
isaacjo01,Jonathan Isaac,ORL,Out (Knee) - The Magic said on Wednesday (Mar. 18) that Isaac was not given a proper timetable to return and he should be considered as week-to-week.,2026-03-30
wagnefr01,Franz Wagner,ORL,Out (Ankle) - The Magic said on Wednesday (Mar. 18) that Wagner was not given a proper timetable to return.,2026-03-30
broomjo01,Johni Broome,PHI,"Out (Knee) - Broome underwent a successful partial meniscectomy to address a lateral meniscus tear in his right knee and will be re-evaluated in 4 weeks, according to Austin Krell.",2026-03-30
brookdi01,Dillon Brooks,PHO,"Out (Hand) - The Suns reported on Thursday (Mar. 12) that Brooks has shed the cast on his surgically repaired left hand, but he's still not been cleared for contact work, per Amanda Pflugrad of 3TV Phoenix.",2026-03-30
coffeam01,Amir Coffey,PHO,Out (Ankle) - The Suns listed Coffey as OUT for Monday's (Mar. 30) game against Memphis.,2026-03-30
highsha01,Haywood Highsmith,PHO,Out (Knee) - The Suns listed Highsmith as OUT for Monday's (Mar. 30) game against Memphis.,2026-03-30
willima07,Mark Williams,PHO,"Out (Foot) - Williams will be re-evaluated in 2-to-3 weeks after being diagnosed with a stress reaction in the third metatarsal of his left foot, according to Shane Young of the Suns' official site.",2026-03-30
grantje01,Jerami Grant,POR,Day To Day (Calf) - Grant did not play in Sunday's (Mar. 29) game against the Wizards.,2026-03-30
krejcvi01,Vít Krejčí,POR,Day To Day (Calf) - Krejci did not play in Sunday's (Mar. 29) game against the Wizards.,2026-03-30
lillada01,Damian Lillard,POR,Out For Season (Achilles) - The Trail Blazers said on Thursday (Sept. 25) that Lillard won't be back on the court for the 2025-26 season due to his achilles injury.,2026-03-30
sharpsh01,Shaedon Sharpe,POR,"Out (Calf) - Sharpe will be re-evaluated in 4-to-6 weeks, per Sean Highkin of Rip City Radio 620 Portland.",2026-03-30
eubandr01,Drew Eubanks,SAC,"Out For Season (Thumb) - Eubanks will have surgery to repair a torn UCL in his left thumb, according to Matt George of ABC 10 Sacramento reports Sunday (Mar. 15).",2026-03-30
huntede01,De'Andre Hunter,SAC,"Out For Season (Eye) - Hunter is set to undergo season-ending eye surgery, according to Chris Haynes of NBA TV.",2026-03-30
lavinza01,Zach LaVine,SAC,"Out For Season (Finger) - LaVine will undergo season-ending surgery on his right hand after the All-Star break, per Chris Haynes of NBA TV.",2026-03-30
murrake02,Keegan Murray,SAC,"Out (Ankle) - Murray (ankle) is making good progress in his recovery and has been approved to participate in contact basketball activities, according to Marc J. Spears of ESPN.com.",2026-03-30
sabondo01,Domantas Sabonis,SAC,"Out For Season (Back) - Sabonis underwent season-ending knee surgery Wednesday (Feb. 18) to repair a torn left meniscus, Shams Charania of ESPN.",2026-03-30
westbru01,Russell Westbrook,SAC,"Out (Foot) - Westbrook was diagnosed with irritation in the join of the first toe in his right foot and does not have an established timeline to return, according to James Ham of ESPN 1320 Sacramento.",2026-03-30
jonesda06,David Jones García,SAS,"Out For Season (Ankle) - The Spurs announced on Wednesday (Feb. 4) that Jones Garcia underwent ankle surgery and will miss the remainder of the 2025-26 season, per Tom Orsborn of the San Antonio Express-News.",2026-03-30
ingrabr01,Brandon Ingram,TOR,Day To Day (Heel) - Ingram did not play in Sunday's (Mar. 29) game against Orlando.,2026-03-30
murraco01,Collin Murray-Boyles,TOR,Out (Back) - The Raptors listed Murray-Boyles as OUT for Sunday's (Mar. 29) game against Orlando.,2026-03-30
quickim01,Immanuel Quickley,TOR,Day To Day (Foot) - Quickley did not play in Sunday's (Mar. 29) game against Orlando.,2026-03-30
colliis01,Isaiah Collier,UTA,Day To Day (Hamstring) - Collier did not play on Saturday's (Mar. 28) game against the Suns.,2026-03-30
georgke01,Keyonte George,UTA,"Out (Leg) - George has been diagnosed with a Grade 2 hamstring strain and will be reassessed in two weeks, Tim Bontemps of ESPN.com.",2026-03-30
jacksja02,Jaren Jackson Jr.,UTA,Out For Season (Knee) - The Jazz said on Thursday (Feb. 12) that Jackson Jr. will miss the rest of the season to undergo knee surgery.,2026-03-30
kesslwa01,Walker Kessler,UTA,"Out For Season (Shoulder) - Kessler will undergo left shoulder surgery to address a torn labrum and will miss the remainder of the 2025-26 season, as per Tony Jones of The Athletic.",2026-03-30
markkla01,Lauri Markkanen,UTA,"Out (Hip) - The Jazz said on Thursday (Mar. 19) that Markkanen will be re-evaluated in two weeks, according to Ben Anderson of KSL News Salt Lake City.",2026-03-30
nurkiju01,Jusuf Nurkić,UTA,Out For Season (Nose) - The Jazz reported on Monday (Feb. 23) that Nurkic will undergo season-ending nose surgery.,2026-03-30
davisan02,Anthony Davis,WAS,Out (Finger) - The Wizards announced on Friday (Mar. 20) that Davis will continue to remain sidelined through the end of March.,2026-03-30
georgky01,Kyshawn George,WAS,Out (Elbow) - The Wizards announced Wednesday (Mar. 4) that George has been diagnosed with a partial tear of the UCL in his left elbow and will be re-evaluated in three weeks.,2026-03-30
johnstr03,Tre Johnson,WAS,Day To Day (Foot) - Johnson did not play in Sunday's (Mar. 29) game against the Trail Blazers.,2026-03-30
russeda01,D'Angelo Russell,WAS,Out (Not Injury Related) - The Wizards said on Tuesday (Mar. 3) that Russell will remain away from the team indefinitely.,2026-03-30
sarral01,Alex Sarr,WAS,Day To Day (Toe) - Sarr did not play in Sunday's (Mar. 29) game against the Trail Blazers.,2026-03-30
whitmca01,Cam Whitmore,WAS,Out For Season (Shoulder) - The Wizards announced Wednesday (Jan. 15) that Whitmore will miss the remainder of the 2025-26 season while he begins the recovery process for a diagnosed venous condition.,2026-03-30
youngtr01,Trae Young,WAS,Out (Quad) - The Wizards said on Saturday (Mar. 21) that Young is without a timetable for return.,2026-03-30
